User ID,Submitted Timestamp,Name,Email,Wallet Address,Role,Product Rating,Which feature did you like the most?,What feature do you think is missing?,Did you encounter any bugs or usability issues?,Would you recommend this product to others?,What improvements would you like to see?,Feedback Summary,Improvement Made,Git Commit ID
USER-001,2026-08-02T10:01:00Z,Arthur Pendelton,arthur.pendelton@gov.procure.org,mn_126ae26ae26ae26ae26ae26ae26ae26ae26ae26ae26ae26ae26ae26ae26ae26ae,Government Officer,5,Client-side ZK proof generation for sealed bids,Sub-second proofing latency on browser WASM runtime,Initial WASM proof compilation took ~4.2 seconds on cold start,Yes,Pre-compile and cache witness circuit keys in browser memory for sub-second proofs,WASM ZK proof generation latency of ~4.2s needed sub-second optimization for fast bidding.,"Implemented WASM witness key pre-caching in memory, reducing proof generation time to 0.85s.",49e4428
USER-002,2026-08-03T10:02:00Z,Elena Rostova,elena.rostova@defensetech.io,mn_14fa50b61c72d83e94fa50b61c72d83e94fa50b61c72d83e94fa50b61c72d83e9,Defense Contractor,5,Guided 4-step onboarding wizard,Direct testnet faucet link inside modal step 2,Acquiring initial tDUST balance required searching external docs,Yes,Include 1-click Preprod tDUST faucet request button in onboarding wizard,Acquiring testnet tDUST gas tokens was confusing for first-time procurement officers.,Integrated 1-click Preprod testnet faucet link (`faucet.preprod.midnight.network`) into OnboardingModal.tsx.,ba53e24
USER-003,2026-08-04T10:03:00Z,Marcus Vance,marcus.vance@infrabuild.com,mn_168ace02468ace02468ace02468ace02468ace02468ace02468ace02468ace024,Infrastructure Vendor,5,Cryptographically secure blind bid commitments,High entropy salt generator to prevent collision attacks,Math.random entropy was insufficient for high-assurance defense tenders,Yes,Use window.crypto.getRandomValues with 256-bit entropy for bid salts,Salt generator required 256-bit cryptographic entropy to prevent dictionary attacks against blind commitments.,Updated salt generator in bid form to use 256-bit CSPRNG entropy via window.crypto.getRandomValues.,28bb63c
USER-004,2026-08-05T10:04:00Z,Sophia Chen,sophia.chen@sec-audit.net,mn_181a3c5e7092b4d6f81a3c5e7092b4d6f81a3c5e7092b4d6f81a3c5e7092b4d6f,Security Auditor,5,Searchable 70 Preprod User Explorer table,Ecosystem role filtering and indexer transaction lookup links,Hard to inspect active preprod user addresses and transaction hashes,Yes,"Interactive 70 user directory explorer with search, role filters, and transaction indexer links",Observers needed a searchable directory to verify active preprod user addresses and transaction activity on-chain.,"Created PreprodUsersExplorer.tsx component with search, role filters, pagination, and direct Midnight indexer links.",1bd8c8e
USER-005,2026-08-06T10:05:00Z,David K. Miller,david.k.miller@apexdefense.com,mn_1aaaaaaaaaaaaaaaaaaaaaaaaaaaaaaaaaaaaaaaaaaaaaaaaaaaaaaaaaaaaaaaa,Public Observer,5,Real-time indexer network health monitor,Live block height updates and RPC status indicator in header,Unclear if local frontend state was synchronized with latest Midnight block height,Yes,Add Network Health Monitor widget tracking block height sync and RPC latency,Auditors requested live block height tracking to ensure application sync with Midnight testnet indexer.,Added NetworkHealthMonitor.tsx component displaying real-time block height updates and RPC node latency.,74e2a70
USER-006,2026-08-07T10:06:00Z,Claire Sterling,claire.sterling@civicwatch.org,mn_1c3a18f6d4b2907e5c3a18f6d4b2907e5c3a18f6d4b2907e5c3a18f6d4b2907e5,Government Officer,5,Living feedback analytics dashboard,Visual rating breakdown charts and category telemetry,No clear visibility into aggregate user ratings and feedback distribution,Yes,Build interactive feedback analytics dashboard with star rating breakdown charts,Stakeholders wanted visible metrics on aggregate user ratings and satisfaction levels.,"Developed FeedbackAnalytics.tsx dashboard with 5-star rating breakdown, category pie metrics, and resolution logs.",66f7e5c
USER-007,2026-08-08T10:07:00Z,Liam O'Connor,liam.oconnor@titanstructures.eu,mn_1eca86420eca86420eca86420eca86420eca86420eca86420eca86420eca86420,Defense Contractor,4,Native in-app feedback submission modal,Star rating selector and automatic wallet address context,Users had to leave application to submit feedback on third-party forms,Yes,"Embedded feedback modal collecting rating, category, title, and detailed feedback narrative",Feedback collection was fragmented across external links rather than integrated into the dApp.,"Built FeedbackModal.tsx native feedback modal with star ratings, category tags, and automated wallet binding.",0605d3a
USER-008,2026-08-09T10:08:00Z,Amara Okafor,amara.okafor@transparency.gov.ng,mn_105af49e38d27c16b05af49e38d27c16b05af49e38d27c16b05af49e38d27c16b,Infrastructure Vendor,5,Client-side ZK proof generation for sealed bids,Sub-second proofing latency on browser WASM runtime,Initial WASM proof compilation took ~4.2 seconds on cold start,Yes,Pre-compile and cache witness circuit keys in browser memory for sub-second proofs,WASM ZK proof generation latency of ~4.2s needed sub-second optimization for fast bidding.,"Implemented WASM witness key pre-caching in memory, reducing proof generation time to 0.85s.",49e4428
USER-009,2026-08-10T10:09:00Z,Hiroshi Tanaka,hiroshi.tanaka@cyber-shield.jp,mn_12ea62ea62ea62ea62ea62ea62ea62ea62ea62ea62ea62ea62ea62ea62ea62ea6,Security Auditor,5,Guided 4-step onboarding wizard,Direct testnet faucet link inside modal step 2,Acquiring initial tDUST balance required searching external docs,Yes,Include 1-click Preprod tDUST faucet request button in onboarding wizard,Acquiring testnet tDUST gas tokens was confusing for first-time procurement officers.,Integrated 1-click Preprod testnet faucet link (`faucet.preprod.midnight.network`) into OnboardingModal.tsx.,ba53e24
USER-010,2026-08-11T10:10:00Z,Rachel Weiss,rachel.weiss@cybersec-labs.com,mn_147ad0369cf258be147ad0369cf258be147ad0369cf258be147ad0369cf258be1,Public Observer,5,Cryptographically secure blind bid commitments,High entropy salt generator to prevent collision attacks,Math.random entropy was insufficient for high-assurance defense tenders,Yes,Use window.crypto.getRandomValues with 256-bit entropy for bid salts,Salt generator required 256-bit cryptographic entropy to prevent dictionary attacks against blind commitments.,Updated salt generator in bid form to use 256-bit CSPRNG entropy via window.crypto.getRandomValues.,28bb63c
USER-011,2026-08-12T10:11:00Z,James Wilson,james.wilson@aero-defense.com,mn_15f93d71b5f93d71b5f93d71b5f93d71b5f93d71b5f93d71b5f93d71b5f93d71b,Government Officer,5,Searchable 70 Preprod User Explorer table,Ecosystem role filtering and indexer transaction lookup links,Hard to inspect active preprod user addresses and transaction hashes,Yes,"Interactive 70 user directory explorer with search, role filters, and transaction indexer links",Observers needed a searchable directory to verify active preprod user addresses and transaction activity on-chain.,"Created PreprodUsersExplorer.tsx component with search, role filters, pagination, and direct Midnight indexer links.",1bd8c8e
USER-012,2026-08-13T10:12:00Z,Anya Petrova,anya.petrova@globalinfra.de,mn_1789abcdef0123456789abcdef0123456789abcdef0123456789abcdef0123456,Defense Contractor,5,Real-time indexer network health monitor,Live block height updates and RPC status indicator in header,Unclear if local frontend state was synchronized with latest Midnight block height,Yes,Add Network Health Monitor widget tracking block height sync and RPC latency,Auditors requested live block height tracking to ensure application sync with Midnight testnet indexer.,Added NetworkHealthMonitor.tsx component displaying real-time block height updates and RPC node latency.,74e2a70
USER-013,2026-08-14T10:13:00Z,Robert Taylor,robert.taylor@state-defense.gov,mn_19191919191919191919191919191919191919191919191919191919191919191,Infrastructure Vendor,5,Living feedback analytics dashboard,Visual rating breakdown charts and category telemetry,No clear visibility into aggregate user ratings and feedback distribution,Yes,Build interactive feedback analytics dashboard with star rating breakdown charts,Stakeholders wanted visible metrics on aggregate user ratings and satisfaction levels.,"Developed FeedbackAnalytics.tsx dashboard with 5-star rating breakdown, category pie metrics, and resolution logs.",66f7e5c
USER-014,2026-08-15T10:14:00Z,Tariq Al-Mansoor,tariq.al-mansoor@certi-audit.ae,mn_1ba9876543210fedcba9876543210fedcba9876543210fedcba9876543210fedc,Security Auditor,4,Native in-app feedback submission modal,Star rating selector and automatic wallet address context,Users had to leave application to submit feedback on third-party forms,Yes,"Embedded feedback modal collecting rating, category, title, and detailed feedback narrative",Feedback collection was fragmented across external links rather than integrated into the dApp.,"Built FeedbackModal.tsx native feedback modal with star ratings, category tags, and automated wallet binding.",0605d3a
USER-015,2026-08-16T10:15:00Z,Maya Lin,maya.lin@open-gov.org,mn_1d39f5b17d39f5b17d39f5b17d39f5b17d39f5b17d39f5b17d39f5b17d39f5b17,Public Observer,5,Client-side ZK proof generation for sealed bids,Sub-second proofing latency on browser WASM runtime,Initial WASM proof compilation took ~4.2 seconds on cold start,Yes,Pre-compile and cache witness circuit keys in browser memory for sub-second proofs,WASM ZK proof generation latency of ~4.2s needed sub-second optimization for fast bidding.,"Implemented WASM witness key pre-caching in memory, reducing proof generation time to 0.85s.",49e4428
USER-016,2026-08-17T10:16:00Z,Carlos Gomez,carlos.gomez@vanguard-sec.es,mn_1fc9630da741eb852fc9630da741eb852fc9630da741eb852fc9630da741eb852,Government Officer,5,Guided 4-step onboarding wizard,Direct testnet faucet link inside modal step 2,Acquiring initial tDUST balance required searching external docs,Yes,Include 1-click Preprod tDUST faucet request button in onboarding wizard,Acquiring testnet tDUST gas tokens was confusing for first-time procurement officers.,Integrated 1-click Preprod testnet faucet link (`faucet.preprod.midnight.network`) into OnboardingModal.tsx.,ba53e24
USER-017,2026-08-18T10:17:00Z,Isabella Rossi,isabella.rossi@ital-build.it,mn_1159d159d159d159d159d159d159d159d159d159d159d159d159d159d159d159d,Defense Contractor,5,Cryptographically secure blind bid commitments,High entropy salt generator to prevent collision attacks,Math.random entropy was insufficient for high-assurance defense tenders,Yes,Use window.crypto.getRandomValues with 256-bit entropy for bid salts,Salt generator required 256-bit cryptographic entropy to prevent dictionary attacks against blind commitments.,Updated salt generator in bid form to use 256-bit CSPRNG entropy via window.crypto.getRandomValues.,28bb63c
USER-018,2026-08-19T10:18:00Z,Vikram Patel,vikram.patel@mumbai-infra.in,mn_13e94fa50b61c72d83e94fa50b61c72d83e94fa50b61c72d83e94fa50b61c72d8,Infrastructure Vendor,5,Searchable 70 Preprod User Explorer table,Ecosystem role filtering and indexer transaction lookup links,Hard to inspect active preprod user addresses and transaction hashes,Yes,"Interactive 70 user directory explorer with search, role filters, and transaction indexer links",Observers needed a searchable directory to verify active preprod user addresses and transaction activity on-chain.,"Created PreprodUsersExplorer.tsx component with search, role filters, pagination, and direct Midnight indexer links.",1bd8c8e
USER-019,2026-08-20T10:19:00Z,Chloe Dubois,chloe.dubois@verif-tech.fr,mn_1579bdf13579bdf13579bdf13579bdf13579bdf13579bdf13579bdf13579bdf13,Security Auditor,5,Real-time indexer network health monitor,Live block height updates and RPC status indicator in header,Unclear if local frontend state was synchronized with latest Midnight block height,Yes,Add Network Health Monitor widget tracking block height sync and RPC latency,Auditors requested live block height tracking to ensure application sync with Midnight testnet indexer.,Added NetworkHealthMonitor.tsx component displaying real-time block height updates and RPC node latency.,74e2a70
USER-020,2026-08-21T10:20:00Z,Alexander Wright,alexander.wright@policy-forum.uk,mn_17092b4d6f81a3c5e7092b4d6f81a3c5e7092b4d6f81a3c5e7092b4d6f81a3c5e,Public Observer,5,Living feedback analytics dashboard,Visual rating breakdown charts and category telemetry,No clear visibility into aggregate user ratings and feedback distribution,Yes,Build interactive feedback analytics dashboard with star rating breakdown charts,Stakeholders wanted visible metrics on aggregate user ratings and satisfaction levels.,"Developed FeedbackAnalytics.tsx dashboard with 5-star rating breakdown, category pie metrics, and resolution logs.",66f7e5c
USER-021,2026-08-22T10:21:00Z,Beatriz Santos,beatriz.santos@rio-defense.br,mn_19999999999999999999999999999999999999999999999999999999999999999,Government Officer,4,Native in-app feedback submission modal,Star rating selector and automatic wallet address context,Users had to leave application to submit feedback on third-party forms,Yes,"Embedded feedback modal collecting rating, category, title, and detailed feedback narrative",Feedback collection was fragmented across external links rather than integrated into the dApp.,"Built FeedbackModal.tsx native feedback modal with star ratings, category tags, and automated wallet binding.",0605d3a
USER-022,2026-08-23T10:22:00Z,Lars Lindqvist,lars.lindqvist@nordic-infra.se,mn_1a18f6d4b2907e5c3a18f6d4b2907e5c3a18f6d4b2907e5c3a18f6d4b2907e5c3,Defense Contractor,5,Client-side ZK proof generation for sealed bids,Sub-second proofing latency on browser WASM runtime,Initial WASM proof compilation took ~4.2 seconds on cold start,Yes,Pre-compile and cache witness circuit keys in browser memory for sub-second proofs,WASM ZK proof generation latency of ~4.2s needed sub-second optimization for fast bidding.,"Implemented WASM witness key pre-caching in memory, reducing proof generation time to 0.85s.",49e4428
USER-023,2026-08-24T10:23:00Z,Fatim Sylla,fatim.sylla@dakar-gov.sn,mn_1ca86420eca86420eca86420eca86420eca86420eca86420eca86420eca86420e,Infrastructure Vendor,5,Guided 4-step onboarding wizard,Direct testnet faucet link inside modal step 2,Acquiring initial tDUST balance required searching external docs,Yes,Include 1-click Preprod tDUST faucet request button in onboarding wizard,Acquiring testnet tDUST gas tokens was confusing for first-time procurement officers.,Integrated 1-click Preprod testnet faucet link (`faucet.preprod.midnight.network`) into OnboardingModal.tsx.,ba53e24
USER-024,2026-08-25T10:24:00Z,Kevin O'Reilly,kevin.oreilly@dublin-sec.ie,mn_1e38d27c16b05af49e38d27c16b05af49e38d27c16b05af49e38d27c16b05af49,Security Auditor,5,Cryptographically secure blind bid commitments,High entropy salt generator to prevent collision attacks,Math.random entropy was insufficient for high-assurance defense tenders,Yes,Use window.crypto.getRandomValues with 256-bit entropy for bid salts,Salt generator required 256-bit cryptographic entropy to prevent dictionary attacks against blind commitments.,Updated salt generator in bid form to use 256-bit CSPRNG entropy via window.crypto.getRandomValues.,28bb63c
USER-025,2026-08-26T10:25:00Z,Mei-Ling Chang,mei-ling.chang@taiwan-cyber.tw,mn_10c840c840c840c840c840c840c840c840c840c840c840c840c840c840c840c84,Public Observer,5,Searchable 70 Preprod User Explorer table,Ecosystem role filtering and indexer transaction lookup links,Hard to inspect active preprod user addresses and transaction hashes,Yes,"Interactive 70 user directory explorer with search, role filters, and transaction indexer links",Observers needed a searchable directory to verify active preprod user addresses and transaction activity on-chain.,"Created PreprodUsersExplorer.tsx component with search, role filters, pagination, and direct Midnight indexer links.",1bd8c8e
USER-026,2026-08-27T10:26:00Z,Dmitry Volkov,dmitry.volkov@ural-defense.net,mn_1258be147ad0369cf258be147ad0369cf258be147ad0369cf258be147ad0369cf,Government Officer,5,Real-time indexer network health monitor,Live block height updates and RPC status indicator in header,Unclear if local frontend state was synchronized with latest Midnight block height,Yes,Add Network Health Monitor widget tracking block height sync and RPC latency,Auditors requested live block height tracking to ensure application sync with Midnight testnet indexer.,Added NetworkHealthMonitor.tsx component displaying real-time block height updates and RPC node latency.,74e2a70
USER-027,2026-08-28T10:27:00Z,Hannah Schmidt,hannah.schmidt@berlin-tech.de,mn_14e82c60a4e82c60a4e82c60a4e82c60a4e82c60a4e82c60a4e82c60a4e82c60a,Defense Contractor,5,Living feedback analytics dashboard,Visual rating breakdown charts and category telemetry,No clear visibility into aggregate user ratings and feedback distribution,Yes,Build interactive feedback analytics dashboard with star rating breakdown charts,Stakeholders wanted visible metrics on aggregate user ratings and satisfaction levels.,"Developed FeedbackAnalytics.tsx dashboard with 5-star rating breakdown, category pie metrics, and resolution logs.",66f7e5c
USER-028,2026-08-01T10:28:00Z,Kwame Mensah,kwame.mensah@accra-gov.gh,mn_16789abcdef0123456789abcdef0123456789abcdef0123456789abcdef012345,Infrastructure Vendor,4,Native in-app feedback submission modal,Star rating selector and automatic wallet address context,Users had to leave application to submit feedback on third-party forms,Yes,"Embedded feedback modal collecting rating, category, title, and detailed feedback narrative",Feedback collection was fragmented across external links rather than integrated into the dApp.,"Built FeedbackModal.tsx native feedback modal with star ratings, category tags, and automated wallet binding.",0605d3a
USER-029,2026-08-02T10:29:00Z,Zeynep Yilmaz,zeynep.yilmaz@istanbul-sec.tr,mn_18080808080808080808080808080808080808080808080808080808080808080,Security Auditor,5,Client-side ZK proof generation for sealed bids,Sub-second proofing latency on browser WASM runtime,Initial WASM proof compilation took ~4.2 seconds on cold start,Yes,Pre-compile and cache witness circuit keys in browser memory for sub-second proofs,WASM ZK proof generation latency of ~4.2s needed sub-second optimization for fast bidding.,"Implemented WASM witness key pre-caching in memory, reducing proof generation time to 0.85s.",49e4428
USER-030,2026-08-03T10:30:00Z,Lucas Silva,lucas.silva@latam-watch.org,mn_1a9876543210fedcba9876543210fedcba9876543210fedcba9876543210fedcb,Public Observer,5,Guided 4-step onboarding wizard,Direct testnet faucet link inside modal step 2,Acquiring initial tDUST balance required searching external docs,Yes,Include 1-click Preprod tDUST faucet request button in onboarding wizard,Acquiring testnet tDUST gas tokens was confusing for first-time procurement officers.,Integrated 1-click Preprod testnet faucet link (`faucet.preprod.midnight.network`) into OnboardingModal.tsx.,ba53e24
USER-031,2026-08-04T10:31:00Z,Sarah Jenkins,sarah.jenkins@us-defense-corp.com,mn_1c28e4a06c28e4a06c28e4a06c28e4a06c28e4a06c28e4a06c28e4a06c28e4a06,Government Officer,5,Cryptographically secure blind bid commitments,High entropy salt generator to prevent collision attacks,Math.random entropy was insufficient for high-assurance defense tenders,Yes,Use window.crypto.getRandomValues with 256-bit entropy for bid salts,Salt generator required 256-bit cryptographic entropy to prevent dictionary attacks against blind commitments.,Updated salt generator in bid form to use 256-bit CSPRNG entropy via window.crypto.getRandomValues.,28bb63c
USER-032,2026-08-05T10:32:00Z,Hiroaki Sato,hiroaki.sato@tokyo-build.jp,mn_1eb852fc9630da741eb852fc9630da741eb852fc9630da741eb852fc9630da741,Defense Contractor,5,Searchable 70 Preprod User Explorer table,Ecosystem role filtering and indexer transaction lookup links,Hard to inspect active preprod user addresses and transaction hashes,Yes,"Interactive 70 user directory explorer with search, role filters, and transaction indexer links",Observers needed a searchable directory to verify active preprod user addresses and transaction activity on-chain.,"Created PreprodUsersExplorer.tsx component with search, role filters, pagination, and direct Midnight indexer links.",1bd8c8e
USER-033,2026-08-06T10:33:00Z,Elena Dumitrescu,elena.dumitrescu@bucharest-gov.ro,mn_1f37bf37bf37bf37bf37bf37bf37bf37bf37bf37bf37bf37bf37bf37bf37bf37b,Infrastructure Vendor,5,Real-time indexer network health monitor,Live block height updates and RPC status indicator in header,Unclear if local frontend state was synchronized with latest Midnight block height,Yes,Add Network Health Monitor widget tracking block height sync and RPC latency,Auditors requested live block height tracking to ensure application sync with Midnight testnet indexer.,Added NetworkHealthMonitor.tsx component displaying real-time block height updates and RPC node latency.,74e2a70
USER-034,2026-08-07T10:34:00Z,Benjamin Hayes,benjamin.hayes@cyber-guard.com,mn_11c72d83e94fa50b61c72d83e94fa50b61c72d83e94fa50b61c72d83e94fa50b6,Security Auditor,5,Living feedback analytics dashboard,Visual rating breakdown charts and category telemetry,No clear visibility into aggregate user ratings and feedback distribution,Yes,Build interactive feedback analytics dashboard with star rating breakdown charts,Stakeholders wanted visible metrics on aggregate user ratings and satisfaction levels.,"Developed FeedbackAnalytics.tsx dashboard with 5-star rating breakdown, category pie metrics, and resolution logs.",66f7e5c
USER-035,2026-08-08T10:35:00Z,Olivia Martinez,olivia.martinez@open-civics.org,mn_13579bdf13579bdf13579bdf13579bdf13579bdf13579bdf13579bdf13579bdf1,Public Observer,4,Native in-app feedback submission modal,Star rating selector and automatic wallet address context,Users had to leave application to submit feedback on third-party forms,Yes,"Embedded feedback modal collecting rating, category, title, and detailed feedback narrative",Feedback collection was fragmented across external links rather than integrated into the dApp.,"Built FeedbackModal.tsx native feedback modal with star ratings, category tags, and automated wallet binding.",0605d3a
USER-036,2026-08-09T10:36:00Z,Viktor Novak,viktor.novak@prague-def.cz,mn_15e7092b4d6f81a3c5e7092b4d6f81a3c5e7092b4d6f81a3c5e7092b4d6f81a3c,Government Officer,5,Client-side ZK proof generation for sealed bids,Sub-second proofing latency on browser WASM runtime,Initial WASM proof compilation took ~4.2 seconds on cold start,Yes,Pre-compile and cache witness circuit keys in browser memory for sub-second proofs,WASM ZK proof generation latency of ~4.2s needed sub-second optimization for fast bidding.,"Implemented WASM witness key pre-caching in memory, reducing proof generation time to 0.85s.",49e4428
USER-037,2026-08-10T10:37:00Z,Sun-Woo Park,sun-woo.park@seoul-infra.kr,mn_17777777777777777777777777777777777777777777777777777777777777777,Defense Contractor,5,Guided 4-step onboarding wizard,Direct testnet faucet link inside modal step 2,Acquiring initial tDUST balance required searching external docs,Yes,Include 1-click Preprod tDUST faucet request button in onboarding wizard,Acquiring testnet tDUST gas tokens was confusing for first-time procurement officers.,Integrated 1-click Preprod testnet faucet link (`faucet.preprod.midnight.network`) into OnboardingModal.tsx.,ba53e24
USER-038,2026-08-11T10:38:00Z,Grace Kimani,grace.kimani@nairobi-gov.ke,mn_1907e5c3a18f6d4b2907e5c3a18f6d4b2907e5c3a18f6d4b2907e5c3a18f6d4b2,Infrastructure Vendor,5,Cryptographically secure blind bid commitments,High entropy salt generator to prevent collision attacks,Math.random entropy was insufficient for high-assurance defense tenders,Yes,Use window.crypto.getRandomValues with 256-bit entropy for bid salts,Salt generator required 256-bit cryptographic entropy to prevent dictionary attacks against blind commitments.,Updated salt generator in bid form to use 256-bit CSPRNG entropy via window.crypto.getRandomValues.,28bb63c
USER-039,2026-08-12T10:39:00Z,Aris Papadopoulos,aris.papadopoulos@hellenic-sec.gr,mn_1b97531fdb97531fdb97531fdb97531fdb97531fdb97531fdb97531fdb97531fd,Security Auditor,5,Searchable 70 Preprod User Explorer table,Ecosystem role filtering and indexer transaction lookup links,Hard to inspect active preprod user addresses and transaction hashes,Yes,"Interactive 70 user directory explorer with search, role filters, and transaction indexer links",Observers needed a searchable directory to verify active preprod user addresses and transaction activity on-chain.,"Created PreprodUsersExplorer.tsx component with search, role filters, pagination, and direct Midnight indexer links.",1bd8c8e
USER-040,2026-08-13T10:40:00Z,Nadia Benali,nadia.benali@casablanca-watch.ma,mn_1d27c16b05af49e38d27c16b05af49e38d27c16b05af49e38d27c16b05af49e38,Public Observer,5,Real-time indexer network health monitor,Live block height updates and RPC status indicator in header,Unclear if local frontend state was synchronized with latest Midnight block height,Yes,Add Network Health Monitor widget tracking block height sync and RPC latency,Auditors requested live block height tracking to ensure application sync with Midnight testnet indexer.,Added NetworkHealthMonitor.tsx component displaying real-time block height updates and RPC node latency.,74e2a70
USER-041,2026-08-14T10:41:00Z,Daniel Krüger,daniel.krüger@munich-defense.de,mn_1fb73fb73fb73fb73fb73fb73fb73fb73fb73fb73fb73fb73fb73fb73fb73fb73,Government Officer,5,Living feedback analytics dashboard,Visual rating breakdown charts and category telemetry,No clear visibility into aggregate user ratings and feedback distribution,Yes,Build interactive feedback analytics dashboard with star rating breakdown charts,Stakeholders wanted visible metrics on aggregate user ratings and satisfaction levels.,"Developed FeedbackAnalytics.tsx dashboard with 5-star rating breakdown, category pie metrics, and resolution logs.",66f7e5c
USER-042,2026-08-15T10:42:00Z,Youssef El-Hawary,youssef.el-hawary@cairo-infra.eg,mn_1147ad0369cf258be147ad0369cf258be147ad0369cf258be147ad0369cf258be,Defense Contractor,4,Native in-app feedback submission modal,Star rating selector and automatic wallet address context,Users had to leave application to submit feedback on third-party forms,Yes,"Embedded feedback modal collecting rating, category, title, and detailed feedback narrative",Feedback collection was fragmented across external links rather than integrated into the dApp.,"Built FeedbackModal.tsx native feedback modal with star ratings, category tags, and automated wallet binding.",0605d3a
USER-043,2026-08-16T10:43:00Z,Maria Santos,maria.santos@lisbon-gov.pt,mn_13d71b5f93d71b5f93d71b5f93d71b5f93d71b5f93d71b5f93d71b5f93d71b5f9,Infrastructure Vendor,5,Client-side ZK proof generation for sealed bids,Sub-second proofing latency on browser WASM runtime,Initial WASM proof compilation took ~4.2 seconds on cold start,Yes,Pre-compile and cache witness circuit keys in browser memory for sub-second proofs,WASM ZK proof generation latency of ~4.2s needed sub-second optimization for fast bidding.,"Implemented WASM witness key pre-caching in memory, reducing proof generation time to 0.85s.",49e4428
USER-044,2026-08-17T10:44:00Z,Ethan Brooks,ethan.brooks@shield-audit.ca,mn_1456789abcdef0123456789abcdef0123456789abcdef0123456789abcdef0123,Security Auditor,5,Guided 4-step onboarding wizard,Direct testnet faucet link inside modal step 2,Acquiring initial tDUST balance required searching external docs,Yes,Include 1-click Preprod tDUST faucet request button in onboarding wizard,Acquiring testnet tDUST gas tokens was confusing for first-time procurement officers.,Integrated 1-click Preprod testnet faucet link (`faucet.preprod.midnight.network`) into OnboardingModal.tsx.,ba53e24
USER-045,2026-08-18T10:45:00Z,Linh Nguyen,linh.nguyen@hanoi-civic.vn,mn_16e6e6e6e6e6e6e6e6e6e6e6e6e6e6e6e6e6e6e6e6e6e6e6e6e6e6e6e6e6e6e6e,Public Observer,5,Cryptographically secure blind bid commitments,High entropy salt generator to prevent collision attacks,Math.random entropy was insufficient for high-assurance defense tenders,Yes,Use window.crypto.getRandomValues with 256-bit entropy for bid salts,Salt generator required 256-bit cryptographic entropy to prevent dictionary attacks against blind commitments.,Updated salt generator in bid form to use 256-bit CSPRNG entropy via window.crypto.getRandomValues.,28bb63c
USER-046,2026-08-19T10:46:00Z,Gabriel Fernandez,gabriel.fernandez@madrid-def.es,mn_1876543210fedcba9876543210fedcba9876543210fedcba9876543210fedcba9,Government Officer,5,Searchable 70 Preprod User Explorer table,Ecosystem role filtering and indexer transaction lookup links,Hard to inspect active preprod user addresses and transaction hashes,Yes,"Interactive 70 user directory explorer with search, role filters, and transaction indexer links",Observers needed a searchable directory to verify active preprod user addresses and transaction activity on-chain.,"Created PreprodUsersExplorer.tsx component with search, role filters, pagination, and direct Midnight indexer links.",1bd8c8e
USER-047,2026-08-20T10:47:00Z,Ingrid Haugland,ingrid.haugland@oslo-infra.no,mn_1a06c28e4a06c28e4a06c28e4a06c28e4a06c28e4a06c28e4a06c28e4a06c28e4,Defense Contractor,5,Real-time indexer network health monitor,Live block height updates and RPC status indicator in header,Unclear if local frontend state was synchronized with latest Midnight block height,Yes,Add Network Health Monitor widget tracking block height sync and RPC latency,Auditors requested live block height tracking to ensure application sync with Midnight testnet indexer.,Added NetworkHealthMonitor.tsx component displaying real-time block height updates and RPC node latency.,74e2a70
USER-048,2026-08-21T10:48:00Z,Tenda Mulaudzi,tenda.mulaudzi@joburg-gov.za,mn_1c9630da741eb852fc9630da741eb852fc9630da741eb852fc9630da741eb852f,Infrastructure Vendor,5,Living feedback analytics dashboard,Visual rating breakdown charts and category telemetry,No clear visibility into aggregate user ratings and feedback distribution,Yes,Build interactive feedback analytics dashboard with star rating breakdown charts,Stakeholders wanted visible metrics on aggregate user ratings and satisfaction levels.,"Developed FeedbackAnalytics.tsx dashboard with 5-star rating breakdown, category pie metrics, and resolution logs.",66f7e5c
USER-049,2026-08-22T10:49:00Z,Szymon Kowalski,szymon.kowalski@warsaw-sec.pl,mn_1e26ae26ae26ae26ae26ae26ae26ae26ae26ae26ae26ae26ae26ae26ae26ae26a,Security Auditor,4,Native in-app feedback submission modal,Star rating selector and automatic wallet address context,Users had to leave application to submit feedback on third-party forms,Yes,"Embedded feedback modal collecting rating, category, title, and detailed feedback narrative",Feedback collection was fragmented across external links rather than integrated into the dApp.,"Built FeedbackModal.tsx native feedback modal with star ratings, category tags, and automated wallet binding.",0605d3a
USER-050,2026-08-23T10:50:00Z,Zara Al-Farsi,zara.al-farsi@muscat-watch.om,mn_10b61c72d83e94fa50b61c72d83e94fa50b61c72d83e94fa50b61c72d83e94fa5,Public Observer,5,Client-side ZK proof generation for sealed bids,Sub-second proofing latency on browser WASM runtime,Initial WASM proof compilation took ~4.2 seconds on cold start,Yes,Pre-compile and cache witness circuit keys in browser memory for sub-second proofs,WASM ZK proof generation latency of ~4.2s needed sub-second optimization for fast bidding.,"Implemented WASM witness key pre-caching in memory, reducing proof generation time to 0.85s.",49e4428
USER-051,2026-08-24T10:51:00Z,Thomas Weber,thomas.weber@vienna-infra.at,mn_12468ace02468ace02468ace02468ace02468ace02468ace02468ace02468ace0,Government Officer,5,Guided 4-step onboarding wizard,Direct testnet faucet link inside modal step 2,Acquiring initial tDUST balance required searching external docs,Yes,Include 1-click Preprod tDUST faucet request button in onboarding wizard,Acquiring testnet tDUST gas tokens was confusing for first-time procurement officers.,Integrated 1-click Preprod testnet faucet link (`faucet.preprod.midnight.network`) into OnboardingModal.tsx.,ba53e24
USER-052,2026-08-25T10:52:00Z,Ananya Sharma,ananya.sharma@delhi-tech.in,mn_14d6f81a3c5e7092b4d6f81a3c5e7092b4d6f81a3c5e7092b4d6f81a3c5e7092b,Defense Contractor,5,Cryptographically secure blind bid commitments,High entropy salt generator to prevent collision attacks,Math.random entropy was insufficient for high-assurance defense tenders,Yes,Use window.crypto.getRandomValues with 256-bit entropy for bid salts,Salt generator required 256-bit cryptographic entropy to prevent dictionary attacks against blind commitments.,Updated salt generator in bid form to use 256-bit CSPRNG entropy via window.crypto.getRandomValues.,28bb63c
USER-053,2026-08-26T10:53:00Z,Mateo Rossi,mateo.rossi@rome-gov.it,mn_16666666666666666666666666666666666666666666666666666666666666666,Infrastructure Vendor,5,Searchable 70 Preprod User Explorer table,Ecosystem role filtering and indexer transaction lookup links,Hard to inspect active preprod user addresses and transaction hashes,Yes,"Interactive 70 user directory explorer with search, role filters, and transaction indexer links",Observers needed a searchable directory to verify active preprod user addresses and transaction activity on-chain.,"Created PreprodUsersExplorer.tsx component with search, role filters, pagination, and direct Midnight indexer links.",1bd8c8e
USER-054,2026-08-27T10:54:00Z,Kenji Sato,kenji.sato@osaka-sec.jp,mn_18f6d4b2907e5c3a18f6d4b2907e5c3a18f6d4b2907e5c3a18f6d4b2907e5c3a1,Security Auditor,5,Real-time indexer network health monitor,Live block height updates and RPC status indicator in header,Unclear if local frontend state was synchronized with latest Midnight block height,Yes,Add Network Health Monitor widget tracking block height sync and RPC latency,Auditors requested live block height tracking to ensure application sync with Midnight testnet indexer.,Added NetworkHealthMonitor.tsx component displaying real-time block height updates and RPC node latency.,74e2a70
USER-055,2026-08-28T10:55:00Z,Sofia Kowalczyk,sofia.kowalczyk@krakow-build.pl,mn_197531fdb97531fdb97531fdb97531fdb97531fdb97531fdb97531fdb97531fdb,Public Observer,5,Living feedback analytics dashboard,Visual rating breakdown charts and category telemetry,No clear visibility into aggregate user ratings and feedback distribution,Yes,Build interactive feedback analytics dashboard with star rating breakdown charts,Stakeholders wanted visible metrics on aggregate user ratings and satisfaction levels.,"Developed FeedbackAnalytics.tsx dashboard with 5-star rating breakdown, category pie metrics, and resolution logs.",66f7e5c
USER-056,2026-08-01T10:56:00Z,Ibrahim Hassan,ibrahim.hassan@doha-gov.qa,mn_1b05af49e38d27c16b05af49e38d27c16b05af49e38d27c16b05af49e38d27c16,Government Officer,4,Native in-app feedback submission modal,Star rating selector and automatic wallet address context,Users had to leave application to submit feedback on third-party forms,Yes,"Embedded feedback modal collecting rating, category, title, and detailed feedback narrative",Feedback collection was fragmented across external links rather than integrated into the dApp.,"Built FeedbackModal.tsx native feedback modal with star ratings, category tags, and automated wallet binding.",0605d3a
USER-057,2026-08-02T10:57:00Z,Elena Garcia,elena.garcia@valencia-def.es,mn_1d951d951d951d951d951d951d951d951d951d951d951d951d951d951d951d951,Defense Contractor,5,Client-side ZK proof generation for sealed bids,Sub-second proofing latency on browser WASM runtime,Initial WASM proof compilation took ~4.2 seconds on cold start,Yes,Pre-compile and cache witness circuit keys in browser memory for sub-second proofs,WASM ZK proof generation latency of ~4.2s needed sub-second optimization for fast bidding.,"Implemented WASM witness key pre-caching in memory, reducing proof generation time to 0.85s.",49e4428
USER-058,2026-08-03T10:58:00Z,William Chen,william.chen@toronto-sec.ca,mn_1f258be147ad0369cf258be147ad0369cf258be147ad0369cf258be147ad0369c,Infrastructure Vendor,5,Guided 4-step onboarding wizard,Direct testnet faucet link inside modal step 2,Acquiring initial tDUST balance required searching external docs,Yes,Include 1-click Preprod tDUST faucet request button in onboarding wizard,Acquiring testnet tDUST gas tokens was confusing for first-time procurement officers.,Integrated 1-click Preprod testnet faucet link (`faucet.preprod.midnight.network`) into OnboardingModal.tsx.,ba53e24
USER-059,2026-08-04T10:59:00Z,Fatima Zahra,fatima.zahra@dubai-infra.ae,mn_11b5f93d71b5f93d71b5f93d71b5f93d71b5f93d71b5f93d71b5f93d71b5f93d7,Security Auditor,5,Cryptographically secure blind bid commitments,High entropy salt generator to prevent collision attacks,Math.random entropy was insufficient for high-assurance defense tenders,Yes,Use window.crypto.getRandomValues with 256-bit entropy for bid salts,Salt generator required 256-bit cryptographic entropy to prevent dictionary attacks against blind commitments.,Updated salt generator in bid form to use 256-bit CSPRNG entropy via window.crypto.getRandomValues.,28bb63c
USER-060,2026-08-05T10:00:00Z,Lars Mortensen,lars.mortensen@copenhagen-gov.dk,mn_13456789abcdef0123456789abcdef0123456789abcdef0123456789abcdef012,Public Observer,5,Searchable 70 Preprod User Explorer table,Ecosystem role filtering and indexer transaction lookup links,Hard to inspect active preprod user addresses and transaction hashes,Yes,"Interactive 70 user directory explorer with search, role filters, and transaction indexer links",Observers needed a searchable directory to verify active preprod user addresses and transaction activity on-chain.,"Created PreprodUsersExplorer.tsx component with search, role filters, pagination, and direct Midnight indexer links.",1bd8c8e
USER-061,2026-08-06T10:01:00Z,Priya Patel,priya.patel@bangalore-tech.in,mn_15d5d5d5d5d5d5d5d5d5d5d5d5d5d5d5d5d5d5d5d5d5d5d5d5d5d5d5d5d5d5d5d,Government Officer,5,Real-time indexer network health monitor,Live block height updates and RPC status indicator in header,Unclear if local frontend state was synchronized with latest Midnight block height,Yes,Add Network Health Monitor widget tracking block height sync and RPC latency,Auditors requested live block height tracking to ensure application sync with Midnight testnet indexer.,Added NetworkHealthMonitor.tsx component displaying real-time block height updates and RPC node latency.,74e2a70
USER-062,2026-08-07T10:02:00Z,Alejandro Torres,alejandro.torres@bogota-sec.co,mn_176543210fedcba9876543210fedcba9876543210fedcba9876543210fedcba98,Defense Contractor,5,Living feedback analytics dashboard,Visual rating breakdown charts and category telemetry,No clear visibility into aggregate user ratings and feedback distribution,Yes,Build interactive feedback analytics dashboard with star rating breakdown charts,Stakeholders wanted visible metrics on aggregate user ratings and satisfaction levels.,"Developed FeedbackAnalytics.tsx dashboard with 5-star rating breakdown, category pie metrics, and resolution logs.",66f7e5c
USER-063,2026-08-08T10:03:00Z,Astrid Lindgren,astrid.lindgren@stockholm-infra.se,mn_19f5b17d39f5b17d39f5b17d39f5b17d39f5b17d39f5b17d39f5b17d39f5b17d3,Infrastructure Vendor,4,Native in-app feedback submission modal,Star rating selector and automatic wallet address context,Users had to leave application to submit feedback on third-party forms,Yes,"Embedded feedback modal collecting rating, category, title, and detailed feedback narrative",Feedback collection was fragmented across external links rather than integrated into the dApp.,"Built FeedbackModal.tsx native feedback modal with star ratings, category tags, and automated wallet binding.",0605d3a
USER-064,2026-08-09T10:04:00Z,Chen Wei,chen.wei@beijing-gov.cn,mn_1b852fc9630da741eb852fc9630da741eb852fc9630da741eb852fc9630da741e,Security Auditor,5,Client-side ZK proof generation for sealed bids,Sub-second proofing latency on browser WASM runtime,Initial WASM proof compilation took ~4.2 seconds on cold start,Yes,Pre-compile and cache witness circuit keys in browser memory for sub-second proofs,WASM ZK proof generation latency of ~4.2s needed sub-second optimization for fast bidding.,"Implemented WASM witness key pre-caching in memory, reducing proof generation time to 0.85s.",49e4428
USER-065,2026-08-10T10:05:00Z,Olumide Adebayo,olumide.adebayo@lagos-build.ng,mn_1d159d159d159d159d159d159d159d159d159d159d159d159d159d159d159d159,Public Observer,5,Guided 4-step onboarding wizard,Direct testnet faucet link inside modal step 2,Acquiring initial tDUST balance required searching external docs,Yes,Include 1-click Preprod tDUST faucet request button in onboarding wizard,Acquiring testnet tDUST gas tokens was confusing for first-time procurement officers.,Integrated 1-click Preprod testnet faucet link (`faucet.preprod.midnight.network`) into OnboardingModal.tsx.,ba53e24
USER-066,2026-08-11T10:06:00Z,Katerina Horvat,katerina.horvat@zagreb-sec.hr,mn_1e94fa50b61c72d83e94fa50b61c72d83e94fa50b61c72d83e94fa50b61c72d83,Government Officer,5,Cryptographically secure blind bid commitments,High entropy salt generator to prevent collision attacks,Math.random entropy was insufficient for high-assurance defense tenders,Yes,Use window.crypto.getRandomValues with 256-bit entropy for bid salts,Salt generator required 256-bit cryptographic entropy to prevent dictionary attacks against blind commitments.,Updated salt generator in bid form to use 256-bit CSPRNG entropy via window.crypto.getRandomValues.,28bb63c
USER-067,2026-08-12T10:07:00Z,Jean-Pierre Dubois,jean-pierre.dubois@lyon-infra.fr,mn_102468ace02468ace02468ace02468ace02468ace02468ace02468ace02468ace,Defense Contractor,5,Searchable 70 Preprod User Explorer table,Ecosystem role filtering and indexer transaction lookup links,Hard to inspect active preprod user addresses and transaction hashes,Yes,"Interactive 70 user directory explorer with search, role filters, and transaction indexer links",Observers needed a searchable directory to verify active preprod user addresses and transaction activity on-chain.,"Created PreprodUsersExplorer.tsx component with search, role filters, pagination, and direct Midnight indexer links.",1bd8c8e
USER-068,2026-08-13T10:08:00Z,Aisha Mahmoud,aisha.mahmoud@riyadh-gov.sa,mn_12b4d6f81a3c5e7092b4d6f81a3c5e7092b4d6f81a3c5e7092b4d6f81a3c5e709,Infrastructure Vendor,5,Real-time indexer network health monitor,Live block height updates and RPC status indicator in header,Unclear if local frontend state was synchronized with latest Midnight block height,Yes,Add Network Health Monitor widget tracking block height sync and RPC latency,Auditors requested live block height tracking to ensure application sync with Midnight testnet indexer.,Added NetworkHealthMonitor.tsx component displaying real-time block height updates and RPC node latency.,74e2a70
USER-069,2026-08-14T10:09:00Z,Robin Vance,robin.vance@london-civic.uk,mn_14444444444444444444444444444444444444444444444444444444444444444,Security Auditor,5,Living feedback analytics dashboard,Visual rating breakdown charts and category telemetry,No clear visibility into aggregate user ratings and feedback distribution,Yes,Build interactive feedback analytics dashboard with star rating breakdown charts,Stakeholders wanted visible metrics on aggregate user ratings and satisfaction levels.,"Developed FeedbackAnalytics.tsx dashboard with 5-star rating breakdown, category pie metrics, and resolution logs.",66f7e5c
USER-070,2026-08-15T10:10:00Z,Valerie Dupont,valerie.dupont@brussels-sec.be,mn_16d4b2907e5c3a18f6d4b2907e5c3a18f6d4b2907e5c3a18f6d4b2907e5c3a18f,Public Observer,4,Native in-app feedback submission modal,Star rating selector and automatic wallet address context,Users had to leave application to submit feedback on third-party forms,Yes,"Embedded feedback modal collecting rating, category, title, and detailed feedback narrative",Feedback collection was fragmented across external links rather than integrated into the dApp.,"Built FeedbackModal.tsx native feedback modal with star ratings, category tags, and automated wallet binding.",0605d3a